Year,POS,Player,Mat,Inns,NO,Runs,HS,Avg,BF,SR,100,50,4s,6s
2016,1,Virat Kohli,16,16,4,973,113,81.08,640,152.03,4,7,83,38
2016,2,David Warner,17,17,3,848,93*,60.57,560,151.42,0,9,88,31
2016,3,AB de Villiers,16,16,3,687,129*,52.84,407,168.79,1,6,57,37
2016,4,Gautam Gambhir,15,15,2,501,90*,38.53,411,121.89,0,5,54,6
2016,5,Shikhar Dhawan,17,17,4,501,82*,38.53,429,116.78,0,4,51,8
2016,6,Rohit Sharma,14,14,3,489,85*,44.45,368,132.88,0,5,49,16
2016,7,Ajinkya Rahane,14,14,3,480,74,43.63,379,126.64,0,6,54,9
2016,8,Murali Vijay,14,14,1,453,89,34.84,364,124.45,0,5,50,10
2016,9,Quinton de Kock,13,13,1,445,108,37.08,327,136.08,1,3,52,13
2016,10,Suresh Raina,15,15,1,399,75,28.5,312,127.88,0,3,39,10
2016,11,KL Rahul,14,12,3,397,68*,44.11,271,146.49,0,4,37,16
2016,12,Robin Uthappa,15,15,0,394,72,26.26,289,136.33,0,3,45,8
2016,13,Aaron Finch,13,12,2,393,74,39.3,299,131.43,0,5,45,11
2016,14,Yusuf Pathan,15,13,8,361,63*,72.2,248,145.56,0,3,33,13
2016,15,Karun Nair,14,12,2,357,83*,35.7,297,120.2,0,3,40,6
2016,16,Brendon McCullum,16,16,0,354,60,22.12,262,135.11,0,1,38,16
2016,17,Dinesh Karthik,16,15,2,335,53,25.76,266,125.93,0,3,38,3
2016,18,Ambati Rayudu,13,12,1,334,65,30.36,278,120.14,0,2,28,12
2016,19,Dwayne Smith,12,12,1,324,73,29.45,221,146.6,0,3,35,16
2016,20,Sanju Samson,14,14,3,291,60,26.45,259,112.35,0,1,20,8
2016,21,MS Dhoni,14,12,5,284,64*,40.57,210,135.23,0,1,18,14
2016,22,Steve Smith,8,7,1,270,101,45,176,153.4,1,0,27,8
2016,23,Wriddhiman Saha,12,12,1,270,56,24.54,212,127.35,0,2,29,1
2016,24,Jos Buttler,14,14,3,255,41,23.18,184,138.58,0,0,23,11
2016,25,Manish Pandey,12,11,3,248,52,31,183,135.51,0,2,17,9
2016,26,Krunal Pandya,12,9,3,237,86,39.5,124,191.12,0,1,22,13
2016,27,Yuvraj Singh,10,10,1,236,44,26.22,179,131.84,0,0,22,13
2016,28,Chris Gayle,10,10,0,227,76,22.7,150,151.33,0,2,17,21
2016,29,Kieron Pollard,13,12,4,207,51*,25.87,144,143.75,0,1,11,16
2016,30,Faf du Plessis,6,6,0,206,69,34.33,162,127.16,0,2,17,9
2016,31,Rishabh Pant,10,10,2,198,69,24.75,152,130.26,0,1,19,6
2016,32,Chris Morris,12,7,4,195,82*,65,109,178.89,0,1,15,12
2016,33,JP Duminy,10,8,3,191,49*,38.2,156,122.43,0,0,13,3
2016,34,Ravindra Jadeja,15,15,6,191,36*,21.22,178,107.3,0,0,14,4
2016,35,Andre Russell,12,8,1,188,39*,26.85,114,164.91,0,0,10,15
2016,36,Suryakumar Yadav,15,11,4,182,60,26,143,127.27,0,1,18,5
2016,37,Moises Henriques,17,15,3,182,31*,15.16,158,115.18,0,0,15,6
2016,38,Glenn Maxwell,11,11,2,179,68,19.88,124,144.35,0,2,14,8
2016,39,Shane Watson,16,15,2,179,36,13.76,134,133.58,0,0,14,12
2016,40,Parthiv Patel,10,10,0,177,81,17.7,152,116.44,0,1,23,4
2016,41,Saurabh Tiwary,10,7,0,170,57,24.28,141,120.56,0,2,17,4
2016,42,Manan Vohra,7,7,0,161,51,23,131,122.9,0,1,19,3
2016,43,David Miller,14,13,3,161,31,16.1,131,122.9,0,0,11,4
2016,44,Shaun Marsh,6,6,1,159,56*,31.8,134,118.65,0,1,13,4
2016,45,Hashim Amla,6,6,0,157,96,26.16,119,131.93,0,1,20,4
2016,46,Thisara Perera,12,10,3,150,34,21.42,93,161.29,0,0,7,11
2016,47,Marcus Stoinis,7,5,1,146,52,36.5,108,135.18,0,1,13,4
2016,48,Deepak Hooda,17,15,1,144,34,10.28,121,119,0,0,9,5
2016,49,Naman Ojha,17,13,3,136,37,13.6,138,98.55,0,0,7,5
2016,50,Usman Khawaja,6,6,0,127,30,21.16,100,127,0,0,14,3
2016,51,Kane Williamson,6,6,0,124,50,20.66,122,101.63,0,1,14,0
2016,52,Eoin Morgan,7,6,1,123,51,24.6,105,117.14,0,1,8,4
2016,53,Sachin Baby,11,6,1,119,33,23.8,79,150.63,0,0,9,5
2016,54,Shakib Al Hasan,10,7,2,114,66*,22.8,106,107.54,0,1,7,5
2016,55,Gurkeerat Mann Singh,7,6,1,113,51,22.6,86,131.39,0,1,11,3
2016,56,Axar Patel,14,10,3,111,36*,15.85,77,144.15,0,0,4,8
2016,57,Nitish Rana,4,3,0,104,70,34.66,75,138.66,0,1,7,8
2016,58,Dwayne Bravo,15,13,5,99,22*,12.37,82,120.73,0,0,11,1
2016,59,Harbhajan Singh,14,7,4,92,45*,30.66,84,109.52,0,0,11,2
2016,60,Sam Billings,5,4,0,88,54,22,64,137.5,0,1,4,4
2016,61,George Bailey,6,5,1,84,34,21,98,85.71,0,0,9,2
2016,62,Carlos Brathwaite,8,6,0,83,34,13.83,38,218.42,0,0,6,8
2016,63,James Faulkner,7,5,2,77,32,25.66,59,130.5,0,0,7,0
2016,64,Kevin Pietersen,4,4,2,73,37,36.5,61,119.67,0,0,4,3
2016,65,Sarfaraz Khan,5,4,2,66,35*,33,31,212.9,0,0,7,4
2016,66,Ben Cutting,4,4,2,65,39*,32.5,34,191.17,0,0,4,6
2016,67,Stuart Binny,14,6,3,63,21,21,39,161.53,0,0,5,4
2016,68,Martin Guptill,3,3,0,57,48,19,55,103.63,0,0,3,3
2016,69,Pawan Negi,8,6,4,57,19*,28.5,59,96.61,0,0,2,3
2016,70,Travis Head,3,3,1,54,37,27,40,135,0,0,3,2
2016,71,Bipul Sharma,7,4,2,51,27*,25.5,25,204,0,0,1,5
2016,72,Ashish Reddy,4,3,1,47,32,23.5,29,162.06,0,0,2,4
2016,73,Hardik Pandya,11,9,2,44,9,6.28,63,69.84,0,0,4,0
2016,74,Bhuvneshwar Kumar,17,8,2,43,21,7.16,27,159.25,0,0,6,1
2016,75,Kedar Jadhav,4,3,3,42,25*,0,32,131.25,0,0,2,2
2016,76,Ishan Kishan,5,5,0,42,27,8.4,41,102.43,0,0,5,0
2016,77,Ravichandran Ashwin,14,6,4,41,29,20.5,38,107.89,0,0,3,1
2016,78,Iqbal Abdulla,8,2,2,37,33*,0,27,137.03,0,0,4,1
2016,79,Karn Sharma,5,3,3,36,26*,0,30,120,0,0,3,1
2016,80,Rajat Bhatia,10,6,5,34,21,34,20,170,0,0,1,2
2016,81,Mitchell McClenaghan,14,5,2,34,20,11.33,23,147.82,0,0,2,3
2016,82,Mohit Sharma,14,6,2,32,15,8,26,123.07,0,0,3,1
2016,83,Colin Munro,4,3,0,30,16,10,30,100,0,0,3,0
2016,84,Shreyas Iyer,6,6,0,30,19,5,43,69.76,0,0,2,1
2016,85,Tim Southee,11,4,1,30,25,10,19,157.89,0,0,1,2
2016,86,Praveen Kumar,16,7,3,28,15,7,27,103.7,0,0,4,0
2016,87,Mayank Agarwal,3,3,0,27,10,9,25,108,0,0,3,1
2016,88,Piyush Chawla,12,3,0,27,11,9,26,103.84,0,0,4,0
2016,89,Chris Lynn,2,2,1,25,15,25,22,113.63,0,0,0,1
2016,90,Eklavya Dwivedi,4,2,0,24,19,12,14,171.42,0,0,2,2
2016,91,Rajagopal Sathish,4,3,0,24,10,8,24,100,0,0,1,1
2016,92,Nikhil Naik,2,2,0,23,22,11.5,31,74.19,0,0,1,0
2016,93,Dhawal Kulkarni,14,5,3,23,6*,11.5,15,153.33,0,0,2,0
2016,94,Jason Holder,4,4,0,22,13,5.5,19,115.78,0,0,2,1
2016,95,Akshdeep Nath,4,3,0,20,12,6.66,27,74.07,0,0,1,0
2016,96,Pradeep Sahu,5,2,1,19,18*,19,13,146.15,0,0,1,1
2016,97,Albie Morkel,2,1,0,16,16,16,9,177.77,0,0,0,2
2016,98,Rishi Dhawan,2,2,2,14,11*,0,6,233.33,0,0,0,1
2016,99,Farhaan Behardien,3,3,1,14,9*,7,13,107.69,0,0,2,0
2016,100,Vinay Kumar,3,2,1,13,12,13,12,108.33,0,0,0,1
2016,101,KC Cariappa,5,2,1,13,12*,13,11,118.18,0,0,0,1
2016,102,Kyle Abbott,5,3,2,13,12*,13,8,162.5,0,0,0,1
2016,103,Irfan Pathan,4,3,0,11,7,3.66,13,84.61,0,0,0,0
2016,104,Parveez Rasool,4,1,0,10,10,10,9,111.11,0,0,1,0
2016,105,Nathan Coulter-Nile,4,2,2,9,7*,0,14,64.28,0,0,1,0
2016,106,Umesh Yadav,9,2,1,9,7*,9,5,180,0,0,0,1
2016,107,Lendl Simmons,1,1,0,8,8,8,8,100,0,0,0,1
2016,108,Aditya Tare,3,2,0,8,8,4,15,53.33,0,0,1,0
2016,109,Jasprit Bumrah,14,2,1,8,6,8,11,72.72,0,0,1,0
2016,110,Sandeep Sharma,14,4,4,8,5*,0,9,88.88,0,0,0,0
2016,111,Mitchell Marsh,3,1,0,7,7,7,11,63.63,0,0,0,0
2016,112,Pravin Tambe,7,1,1,7,7*,0,19,36.84,0,0,1,0
2016,113,Sunil Narine,11,4,3,7,4,7,13,53.84,0,0,0,0
2016,114,Peter Handscomb,2,1,0,6,6,6,12,50,0,0,0,0
2016,115,Jayant Yadav,5,2,0,6,5,3,10,60,0,0,0,0
2016,116,Zaheer Khan,12,2,0,6,4,3,13,46.15,0,0,1,0
2016,117,David Wiese,1,1,1,5,5*,0,4,125,0,0,0,0
2016,118,Mitchell Johnson,3,3,1,5,4,2.5,14,35.71,0,0,0,0
2016,119,Imran Tahir,4,1,0,5,5,5,7,71.42,0,0,1,0
2016,120,Amit Mishra,14,2,0,4,3,2,14,28.57,0,0,0,0
2016,121,Barinder Sran,14,4,4,4,2*,0,4,100,0,0,0,0
2016,122,Ankit Sharma,3,1,1,3,3*,0,3,100,0,0,0,0
2016,123,Chris Jordan,9,1,0,3,3,3,4,75,0,0,0,0
2016,124,Shreyas Gopal,1,1,0,2,2,2,16,12.5,0,0,0,0
2016,125,Mohammad Shami,8,2,2,2,2*,0,4,50,0,0,0,0
2016,126,Dale Steyn,1,1,0,1,1,1,2,50,0,0,0,0
2016,127,Kane Richardson,4,1,1,1,1*,0,1,100,0,0,0,0
2016,128,Shahbaz Nadeem,4,1,1,1,1*,0,5,20,0,0,0,0
2016,129,Shadab Jakati,6,1,1,1,1*,0,2,50,0,0,0,0
2016,130,Ashish Nehra,8,2,2,1,1*,0,1,100,0,0,0,0
2016,131,Morne Morkel,10,2,2,1,1*,0,1,100,0,0,0,0
2016,132,Swapnil Singh,1,1,0,0,0*,0,1,0,0,0,0,0
2016,133,Unmukt Chand,1,1,0,0,0*,0,4,0,0,0,0,0
2016,134,Adam Zampa,5,1,0,0,0*,0,1,0,0,0,0,0
2016,135,Shivil Kaushik,7,2,1,0,0*,0,1,0,0,0,0,0
2016,136,Murugan Ashwin,10,1,0,0,0*,0,1,0,0,0,0,0
2017,1,David Warner,14,14,3,641,126,58.27,452,141.81,1,4,63,26
2017,2,Gautam Gambhir,16,16,4,498,76*,41.5,389,128.02,0,4,61,7
2017,3,Shikhar Dhawan,14,14,1,479,77,36.84,376,127.39,0,3,53,9
2017,4,Steve Smith,15,15,3,472,84*,39.33,387,121.96,0,3,38,12
2017,5,Suresh Raina,14,14,3,442,84,40.18,307,143.97,0,3,42,13
2017,6,Hashim Amla,10,10,3,420,104*,60,288,145.83,2,2,40,17
2017,7,Manish Pandey,14,13,5,396,81*,49.5,308,128.57,0,2,28,12
2017,8,Parthiv Patel,16,16,0,395,70,24.68,293,134.81,0,2,49,8
2017,9,Rahul Tripathi,14,14,0,391,93,27.92,267,146.44,0,2,43,17
2017,10,Robin Uthappa,14,13,0,388,87,29.84,235,165.1,0,5,36,21
2017,11,Sanju Samson,14,14,0,386,102,27.57,273,141.39,1,2,32,19
2017,12,Kieron Pollard,17,16,3,385,70,29.61,276,139.49,0,3,26,22
2017,13,Ajinkya Rahane,16,16,1,382,60,25.46,323,118.26,0,2,35,9
2017,14,Rishabh Pant,14,14,0,366,97,26.14,221,165.61,0,2,28,24
2017,15,Dinesh Karthik,14,13,3,361,65,36.1,259,139.38,0,2,30,11
2017,16,Shreyas Iyer,12,12,2,338,96,33.8,243,139.09,0,2,36,10
2017,17,Nitish Rana,13,12,1,333,62*,30.27,264,126.13,0,3,24,17
2017,18,Rohit Sharma,17,16,2,333,67,23.78,273,121.97,0,3,31,9
2017,19,Manoj Tiwary,15,13,3,324,60,32.4,236,137.28,0,2,31,11
2017,20,Brendon McCullum,11,11,0,319,72,29,217,147,0,2,29,18
2017,21,Ben Stokes,12,11,1,316,103*,31.6,221,142.98,1,1,22,15
2017,22,Glenn Maxwell,14,13,3,310,47,31,179,173.18,0,0,19,26
2017,23,Virat Kohli,10,10,0,308,64,30.8,252,122.22,0,4,23,11
2017,24,Aaron Finch,13,13,1,299,72,24.91,180,166.11,0,2,25,19
2017,25,Chris Lynn,7,7,1,295,93*,49.16,163,180.98,0,3,25,19
2017,26,MS Dhoni,16,15,4,290,61*,26.36,250,116,0,1,15,16
2017,27,Karun Nair,14,13,0,281,64,21.61,226,124.33,0,1,39,6
2017,28,Ishan Kishan,11,10,0,277,61,27.7,206,134.46,0,1,29,13
2017,29,Moises Henriques,12,11,5,277,55*,46.16,203,136.45,0,3,28,4
2017,30,Jos Buttler,10,10,0,272,77,27.2,177,153.67,0,1,27,15
2017,31,Kedar Jadhav,13,13,1,267,69,22.25,186,143.54,0,1,25,10
2017,32,Shaun Marsh,9,8,0,264,84,33,194,136.08,0,2,36,5
2017,33,Kane Williamson,7,7,1,256,89,42.66,169,151.47,0,2,20,10
2017,34,Yuvraj Singh,12,11,2,252,70*,28,177,142.37,0,2,30,8
2017,35,Hardik Pandya,17,16,9,250,35*,35.71,160,156.25,0,0,11,20
2017,36,Krunal Pandya,13,11,4,243,47,34.71,179,135.75,0,0,24,7
2017,37,Dwayne Smith,12,12,1,239,74,21.72,156,153.2,0,2,32,8
2017,38,Wriddhiman Saha,14,11,1,234,93*,23.4,187,125.13,0,1,20,8
2017,39,Manan Vohra,11,9,0,229,95,25.44,159,144.02,0,1,23,9
2017,40,Axar Patel,14,13,5,227,44,28.37,162,140.12,0,0,11,11
2017,41,Sunil Narine,16,14,1,224,54,17.23,130,172.3,0,1,34,10
2017,42,AB de Villiers,9,9,1,216,89*,27,163,132.51,0,1,12,16
2017,43,Chris Gayle,9,9,0,200,77,22.22,163,122.69,0,1,15,14
2017,44,Mandeep Singh,11,10,0,188,52,18.8,177,106.21,0,1,21,4
2017,45,Ravindra Jadeja,12,10,6,158,28,39.5,113,139.82,0,0,13,4
2017,46,Chris Morris,9,9,4,154,52*,30.8,94,163.82,0,1,15,6
2017,47,Travis Head,7,7,2,151,75*,30.2,108,139.81,0,1,9,6
2017,48,Pawan Negi,12,10,2,144,35,18,111,129.72,0,0,10,7
2017,49,Yusuf Pathan,15,11,3,143,59,17.87,115,124.34,0,1,9,6
2017,50,Corey Anderson,11,11,4,142,41*,20.28,123,115.44,0,0,8,9
2017,51,Sam Billings,6,6,0,138,55,23,104,132.69,0,1,19,1
2017,52,Lendl Simmons,7,7,0,137,66,19.57,112,122.32,0,2,10,8
2017,53,Martin Guptill,7,7,1,132,50*,22,88,150,0,1,17,5
2017,54,Colin de Grandhomme,12,9,1,126,36,15.75,92,136.95,0,0,10,6
2017,55,Suryakumar Yadav,10,7,1,105,31,17.5,88,119.31,0,0,8,3
2017,56,Vijay Shankar,4,4,2,101,63*,50.5,75,134.66,0,1,12,1
2017,57,Ambati Rayudu,5,5,0,91,63,18.2,78,116.66,0,1,7,3
2017,58,David Miller,5,4,1,83,30*,27.66,80,103.75,0,0,4,4
2017,59,Dan Christian,13,9,4,79,17*,15.8,49,161.22,0,0,5,5
2017,60,Naman Ojha,14,5,1,79,34,19.75,65,121.53,0,0,2,3
2017,61,Stuart Binny,8,7,2,78,18*,15.6,76,102.63,0,0,6,3
2017,62,Deepak Hooda,10,6,3,78,19*,26,52,150,0,0,5,4
2017,63,Pat Cummins,12,9,4,77,24,15.4,53,145.28,0,0,5,4
2017,64,Shane Watson,8,7,1,71,24,11.83,78,91.02,0,0,6,1
2017,65,Eoin Morgan,4,4,0,65,26,16.25,62,104.83,0,0,6,2
2017,66,Jason Roy,3,3,1,59,31,29.5,40,147.5,0,0,9,1
2017,67,Kagiso Rabada,6,3,0,55,44,18.33,64,85.93,0,0,5,1
2017,68,James Faulkner,8,6,2,54,21,13.5,57,94.73,0,0,4,0
2017,69,Andrew Tye,6,3,1,53,25,26.5,30,176.66,0,0,4,3
2017,70,Saurabh Tiwary,1,1,0,52,52,52,43,120.93,0,1,9,0
2017,71,Ben Cutting,4,3,1,51,20,25.5,26,196.15,0,0,5,3
2017,72,Mohit Sharma,14,7,1,51,13,8.5,50,102,0,0,3,1
2017,73,Karn Sharma,9,6,0,49,19,8.16,41,119.51,0,0,5,2
2017,74,Amit Mishra,14,6,5,49,13*,49,52,94.23,0,0,2,2
2017,75,Chris Woakes,13,7,3,46,18,11.5,47,97.87,0,0,4,1
2017,76,Sheldon Jackson,4,3,1,38,16,19,31,122.58,0,0,5,0
2017,77,Mohammad Shami,8,6,2,36,21,9,24,150,0,0,4,2
2017,78,Ishank Jaggi,2,2,1,33,28,33,39,84.61,0,0,3,0
2017,79,Angelo Mathews,3,2,0,32,31,16,27,118.51,0,0,2,1
2017,80,Sreenath Aravind,10,8,4,32,9,8,40,80,0,0,2,0
2017,81,Bipul Sharma,7,3,2,31,21*,31,24,129.16,0,0,2,1
2017,82,Marlon Samuels,5,4,0,29,27,7.25,31,93.54,0,0,1,2
2017,83,Basil Thampi,12,5,5,28,13*,0,28,100,0,0,1,1
2017,84,Mayank Agarwal,3,3,0,26,20,8.66,27,96.29,0,0,3,0
2017,85,Ankit Sharma,1,1,0,25,25,25,15,166.66,0,0,2,1
2017,86,Aniket Choudhary,5,3,2,25,15*,25,20,125,0,0,1,1
2017,87,Mitchell Johnson,5,3,3,20,13*,0,17,117.64,0,0,1,1
2017,88,Kuldeep Yadav,12,2,0,20,16,10,22,90.9,0,0,2,0
2017,89,Rahul Tewatia,3,2,1,19,15*,19,11,172.72,0,0,4,0
2017,90,Vishnu Vinod,3,3,0,19,9,6.33,26,73.07,0,0,1,1
2017,91,Aditya Tare,3,3,0,18,18,6,23,78.26,0,0,3,0
2017,92,Marcus Stoinis,5,3,0,17,9,5.66,24,70.83,0,0,1,0
2017,93,Rajat Bhatia,3,2,1,16,16,16,17,94.11,0,0,0,1
2017,94,Harbhajan Singh,11,7,5,16,7*,8,16,100,0,0,0,1
2017,95,Mitchell McClenaghan,14,7,3,16,12,4,15,106.66,0,0,0,1
2017,96,Jasprit Bumrah,16,2,1,16,16*,16,12,133.33,0,0,0,1
2017,97,Anureet Singh,1,1,0,15,15,15,12,125,0,0,2,0
2017,98,Sachin Baby,3,3,0,15,12,5,15,100,0,0,2,0
2017,99,Deepak Chahar,3,1,0,14,14,14,6,233.33,0,0,0,2
2017,100,Nathan Coulter-Nile,8,3,0,14,6,4.66,12,116.66,0,0,0,2
2017,101,Samuel Badree,7,5,0,13,8,2.6,23,56.52,0,0,0,0
2017,102,Yuzvendra Chahal,13,6,3,13,4*,4.33,26,50,0,0,0,0
2017,103,Ankit Bawne,1,1,1,12,12*,0,12,100,0,0,1,0
2017,104,Carlos Brathwaite,2,2,0,12,11,6,15,80,0,0,2,0
2017,105,Swapnil Singh,4,2,0,12,10,6,19,63.15,0,0,0,0
2017,106,Rashid Khan,14,3,1,11,6*,5.5,9,122.22,0,0,0,1
2017,107,Umesh Yadav,14,4,4,10,4*,0,13,76.92,0,0,0,0
2017,108,Washington Sundar,11,5,4,9,5*,9,12,75,0,0,0,0
2017,109,Faf du Plessis,2,1,0,8,8,8,7,114.28,0,0,1,0
2017,110,Tymal Mills,5,3,0,8,6,2.66,11,72.72,0,0,0,1
2017,111,Ishant Sharma,6,3,1,8,5*,4,12,66.66,0,0,1,0
2017,112,Praveen Kumar,6,2,1,8,7*,8,9,88.88,0,0,0,0
2017,113,Ashok Dinda,3,1,0,7,7,7,7,100,0,0,1,0
2017,114,Tim Southee,3,1,0,7,7,7,3,233.33,0,0,0,1
2017,115,Adam Milne,4,3,1,7,5,3.5,12,58.33,0,0,0,0
2017,116,Ankit Soni,7,3,1,7,7*,3.5,9,77.77,0,0,0,1
2017,117,Lasith Malinga,12,2,2,7,7*,0,3,233.33,0,0,0,1
2017,118,Sandeep Sharma,13,4,4,7,5*,0,6,116.66,0,0,0,0
2017,119,Darren Bravo,1,1,1,6,6*,0,5,120,0,0,1,0
2017,120,Iqbal Abdulla,2,1,1,5,5*,0,7,71.42,0,0,0,0
2017,121,Adam Zampa,6,1,0,5,5,5,7,71.42,0,0,1,0
2017,122,Trent Boult,6,1,1,5,5*,0,8,62.5,0,0,0,0
2017,123,Ankit Rajpoot,5,1,0,4,4,4,7,57.14,0,0,1,0
2017,124,Varun Aaron,6,2,1,4,4,4,10,40,0,0,0,0
2017,125,Zaheer Khan,11,3,2,4,2,4,13,30.76,0,0,0,0
2017,126,Bhuvneshwar Kumar,14,2,1,4,4*,4,4,100,0,0,0,0
2017,127,Rahul Chahar,3,1,1,3,3*,0,2,150,0,0,0,0
2017,128,Irfan Pathan,1,1,0,2,2,2,3,66.66,0,0,0,0
2017,129,Mohammad Nabi,3,1,0,2,2,2,3,66.66,0,0,0,0
2017,130,KC Cariappa,4,2,0,2,1,1,7,28.57,0,0,0,0
2017,131,Pradeep Sangwan,5,3,1,2,1*,1,4,50,0,0,0,0
2017,132,Piyush Chawla,6,1,0,2,2,2,6,33.33,0,0,0,0
2017,133,Shahbaz Nadeem,7,4,1,2,2,0.66,9,22.22,0,0,0,0
2017,134,Jaydev Unadkat,12,2,2,2,2*,0,5,40,0,0,0,0
2017,135,Shakib Al Hasan,1,1,1,1,1*,0,1,100,0,0,0,0
2017,136,Lockie Ferguson,4,1,1,1,1*,0,1,100,0,0,0,0
2017,137,Dhawal Kulkarni,6,1,0,1,1,1,2,50,0,0,0,0
2017,138,Akshdeep Nath,1,1,0,0,0*,0,1,0,0,0,0,0
2017,139,Chris Jordan,1,1,0,0,0*,0,1,0,0,0,0,0
2017,140,Munaf Patel,2,1,0,0,0*,0,1,0,0,0,0,0
2017,141,Siddarth Kaul,10,1,1,0,0*,0,2,0,0,0,0,0
2017,142,Imran Tahir,12,1,1,0,0*,0,2,0,0,0,0,0
2017,143,Shardul Thakur,12,3,0,0,0*,0,3,0,0,0,0,0
2018,1,Kane Williamson,17,17,3,735,84,52.5,516,142.44,0,8,64,28
2018,2,Rishabh Pant,14,14,1,684,128*,52.61,394,173.6,1,5,68,37
2018,3,KL Rahul,14,14,2,659,95*,54.91,416,158.41,0,6,66,32
2018,4,Ambati Rayudu,16,16,2,602,100*,43,402,149.75,1,3,53,34
2018,5,Shane Watson,15,15,1,555,117*,39.64,359,154.59,2,2,44,35
2018,6,Jos Buttler,13,13,3,548,95*,54.8,353,155.24,0,5,52,21
2018,7,Virat Kohli,14,14,3,530,92*,48.18,381,139.1,0,4,52,18
2018,8,Suryakumar Yadav,14,14,0,512,72,36.57,384,133.33,0,4,61,16
2018,9,Dinesh Karthik,16,16,6,498,52,49.8,337,147.77,0,2,49,16
2018,10,Shikhar Dhawan,16,16,3,497,92*,38.23,363,136.91,0,4,59,14
2018,11,Chris Lynn,16,16,1,491,74,32.73,377,130.23,0,3,56,18
2018,12,AB de Villiers,12,11,2,480,90*,53.33,275,174.54,0,6,39,30
2018,13,MS Dhoni,16,15,9,455,79*,75.83,302,150.66,0,3,24,30
2018,14,Suresh Raina,15,15,3,445,75*,37.08,336,132.44,0,4,46,12
2018,15,Sanju Samson,15,15,1,441,92*,31.5,320,137.81,0,3,30,19
2018,16,Shreyas Iyer,14,14,3,411,93*,37.36,310,132.58,0,4,29,21
2018,17,Evin Lewis,13,13,0,382,65,29.38,276,138.4,0,2,32,24
2018,18,Ajinkya Rahane,15,14,1,370,65*,28.46,313,118.21,0,1,39,5
2018,19,Chris Gayle,11,11,2,368,104*,40.88,252,146.03,1,3,30,27
2018,20,Sunil Narine,16,16,0,357,75,22.31,188,189.89,0,2,40,23
2018,21,Robin Uthappa,16,16,0,351,54,21.93,265,132.45,0,1,30,21
2018,22,Andre Russell,16,14,3,316,88*,28.72,171,184.79,0,1,17,31
2018,23,Nitish Rana,15,15,2,304,59,23.38,232,131.03,0,1,26,14
2018,24,Karun Nair,13,12,0,301,54,25.08,221,136.19,0,2,23,13
2018,25,Rohit Sharma,14,14,2,286,94,23.83,215,133.02,0,2,25,12
2018,26,Manish Pandey,15,13,2,284,62*,25.81,246,115.44,0,3,22,5
2018,27,Ishan Kishan,14,12,0,275,62,22.91,184,149.45,0,2,22,17
2018,28,Hardik Pandya,13,13,4,260,50,28.88,195,133.33,0,1,20,11
2018,29,Yusuf Pathan,15,13,4,260,45*,28.88,200,130,0,0,22,11
2018,30,Mandeep Singh,14,13,3,252,47*,25.2,186,135.48,0,0,16,11
2018,31,Prithvi Shaw,9,9,0,245,65,27.22,160,153.12,0,2,27,10
2018,32,Shakib Al Hasan,17,13,2,239,35,21.72,197,121.31,0,0,26,5
2018,33,Krunal Pandya,14,13,3,228,41*,22.8,157,145.22,0,0,22,10
2018,34,Rahul Tripathi,12,12,3,226,80*,25.11,167,135.32,0,1,18,8
2018,35,Vijay Shankar,13,11,7,212,54*,53,148,143.24,0,1,11,11
2018,36,Shubman Gill,13,11,5,203,57*,33.83,139,146.04,0,1,22,5
2018,37,Quinton de Kock,8,8,0,201,53,25.12,162,124.07,0,1,20,8
2018,38,Ben Stokes,13,13,1,196,45,16.33,161,121.73,0,0,13,6
2018,39,Glenn Maxwell,12,12,0,169,47,14.08,120,140.83,0,0,14,9
2018,40,Faf du Plessis,6,6,1,162,67*,32.4,129,125.58,0,1,17,6
2018,41,Parthiv Patel,6,6,1,153,53,30.6,109,140.36,0,1,20,4
2018,42,Alex Hales,6,6,0,148,45,24.66,118,125.42,0,0,13,6
2018,43,Dwayne Bravo,16,10,6,141,68,35.25,91,154.94,0,1,8,10
2018,44,Aaron Finch,10,9,1,134,46,16.75,100,134,0,0,6,8
2018,45,Kieron Pollard,9,8,1,133,50,19,100,133,0,1,10,7
2018,46,Colin de Grandhomme,9,8,3,131,40,26.2,84,155.95,0,0,4,10
2018,47,Brendon McCullum,6,6,0,127,43,21.16,88,144.31,0,0,16,6
2018,48,Krishnappa Gowtham,15,13,4,126,33*,14,64,196.87,0,0,9,9
2018,49,Wriddhiman Saha,11,10,2,122,35,15.25,102,119.6,0,0,17,1
2018,50,Jason Roy,5,5,1,120,91*,30,94,127.65,0,1,9,7
2018,51,Mayank Agarwal,11,11,1,120,30,12,94,127.65,0,0,9,5
2018,52,D'Arcy Short,7,7,0,115,44,16.42,99,116.16,0,0,11,5
2018,53,Sam Billings,10,8,0,108,56,13.5,78,138.46,0,1,8,5
2018,54,Ravichandran Ashwin,14,9,1,102,45,12.75,71,143.66,0,0,7,5
2018,55,Marcus Stoinis,7,7,3,99,29*,24.75,76,130.26,0,0,6,4
2018,56,Ben Cutting,9,6,2,96,37,24,58,165.51,0,0,5,8
2018,57,Ravindra Jadeja,16,10,5,89,27*,17.8,74,120.27,0,0,3,4
2018,58,Deepak Hooda,9,8,4,87,32*,21.75,81,107.4,0,0,2,3
2018,59,Gautam Gambhir,6,5,0,85,55,17,88,96.59,0,1,8,1
2018,60,Axar Patel,9,8,2,80,19,13.33,69,115.94,0,0,3,4
2018,61,Moeen Ali,5,4,0,77,65,19.25,46,167.39,0,1,4,6
2018,62,Carlos Brathwaite,4,4,1,75,43*,25,48,156.25,0,0,1,8
2018,63,David Miller,3,3,1,74,26,37,64,115.62,0,0,3,2
2018,64,Washington Sundar,7,6,3,65,35,21.66,38,171.05,0,0,5,4
2018,65,Yuvraj Singh,8,6,0,65,20,10.83,73,89.04,0,0,6,2
2018,66,Abhishek Sharma,3,3,2,63,46*,63,33,190.9,0,0,3,5
2018,67,Colin Munro,5,5,0,63,33,12.6,41,153.65,0,0,7,4
2018,68,Harshal Patel,5,2,1,60,36*,60,33,181.81,0,0,1,6
2018,69,Rashid Khan,17,7,2,59,34*,11.8,31,190.32,0,0,3,6
2018,70,Heinrich Klaasen,4,4,1,57,32,19,47,121.27,0,0,5,1
2018,71,Manan Vohra,4,4,0,55,45,13.75,47,117.02,0,0,2,4
2018,72,Shreevats Goswami,6,3,0,52,35,17.33,40,130,0,0,6,1
2018,73,Tim Southee,8,4,2,52,36*,26,46,113.04,0,0,5,1
2018,74,Sarfaraz Khan,7,6,1,51,22*,10.2,41,124.39,0,0,7,1
2018,75,Rahul Tewatia,8,5,2,50,24,16.66,43,116.27,0,0,5,1
2018,76,Shreyas Gopal,11,4,1,50,24,16.66,45,111.11,0,0,5,0
2018,77,Deepak Chahar,12,4,1,50,39,16.66,29,172.41,0,0,1,4
2018,78,Jaydev Unadkat,15,7,3,49,26,12.25,38,128.94,0,0,6,1
2018,79,Manoj Tiwary,5,4,1,47,35,15.66,44,106.81,0,0,4,1
2018,80,Chris Morris,4,4,3,46,27*,46,26,176.92,0,0,3,2
2018,81,Stuart Binny,7,5,0,44,22,8.8,39,112.82,0,0,2,2
2018,82,JP Duminy,6,4,3,36,23,36,40,90,0,0,3,1
2018,83,Andrew Tye,14,8,2,32,14,5.33,38,84.21,0,0,2,1
2018,84,Rinku Singh,4,4,0,29,16,7.25,31,93.54,0,0,4,0
2018,85,Harbhajan Singh,13,3,0,29,19,9.66,36,80.55,0,0,3,1
2018,86,Piyush Chawla,15,7,3,27,12,6.75,34,79.41,0,0,1,1
2018,87,Dan Christian,4,3,1,26,13,13,33,78.78,0,0,0,1
2018,88,Mohammed Siraj,11,4,2,25,14,12.5,22,113.63,0,0,2,1
2018,89,Kedar Jadhav,1,1,1,24,24*,0,22,109.09,0,0,1,2
2018,90,Tom Curran,5,4,1,23,18,7.66,28,82.14,0,0,3,0
2018,91,Mayank Markande,14,6,4,21,7*,10.5,24,87.5,0,0,2,0
2018,92,Mahipal Lomror,2,2,1,20,11,20,21,95.23,0,0,1,0
2018,93,Mohammad Nabi,2,2,0,18,14,9,12,150,0,0,3,0
2018,94,Corey Anderson,3,3,0,17,15,5.66,22,77.27,0,0,0,1
2018,95,Chris Woakes,5,4,2,17,11,8.5,19,89.47,0,0,1,1
2018,96,Mitchell Johnson,6,2,2,16,12*,0,11,145.45,0,0,2,0
2018,97,Jofra Archer,10,8,3,15,8,3,21,71.42,0,0,2,0
2018,98,Shardul Thakur,13,1,1,15,15*,0,5,300,0,0,3,0
2018,99,Shivam Mavi,9,4,1,13,7,4.33,15,86.66,0,0,1,0
2018,100,Bhuvneshwar Kumar,12,4,2,13,7,6.5,16,81.25,0,0,1,0
2018,101,Murali Vijay,1,1,0,12,12,12,10,120,0,0,0,1
2018,102,Kuldeep Yadav,16,3,2,12,7*,12,24,50,0,0,1,0
2018,103,Ankit Rajpoot,8,3,0,11,8,3.66,18,61.11,0,0,1,0
2018,104,Mitchell McClenaghan,11,5,3,11,11*,5.5,10,110,0,0,1,1
2018,105,Mohit Sharma,9,4,3,10,4*,10,13,76.92,0,0,1,0
2018,106,Mujeeb Ur Rahman,11,2,1,10,10*,10,7,142.85,0,0,2,0
2018,107,Jasprit Bumrah,14,3,2,10,6*,10,11,90.9,0,0,1,0
2018,108,Akshdeep Nath,1,1,0,9,9,9,13,69.23,0,0,1,0
2018,109,Dhruv Shorey,1,1,0,8,8,8,9,88.88,0,0,0,1
2018,110,Prashant Chopra,1,1,0,8,8,8,6,133.33,0,0,2,0
2018,111,Javon Searles,4,2,1,8,6*,8,6,133.33,0,0,0,1
2018,112,Mohammad Shami,4,1,0,7,7,7,6,116.66,0,0,1,0
2018,113,Vinay Kumar,2,1,1,6,6*,0,3,200,0,0,1,0
2018,114,Shahbaz Nadeem,6,1,1,6,6*,0,8,75,0,0,0,0
2018,115,Dhawal Kulkarni,8,2,1,6,3*,6,7,85.71,0,0,0,0
2018,116,Billy Stanlake,4,1,1,5,5*,0,2,250,0,0,1,0
2018,117,Akila Dananjaya,1,1,1,4,4*,0,5,80,0,0,0,0
2018,118,Pawan Negi,2,2,0,3,3,1.5,5,60,0,0,0,0
2018,119,Anureet Singh,3,1,1,3,3*,0,4,75,0,0,0,0
2018,120,Basil Thampi,4,2,1,3,3,3,6,50,0,0,0,0
2018,121,Barinder Sran,6,4,3,3,2,3,7,42.85,0,0,0,0
2018,122,Umesh Yadav,14,5,1,3,1*,0.75,11,27.27,0,0,0,0
2018,123,Siddarth Kaul,17,4,1,3,2,1,14,21.42,0,0,0,0
2018,124,Imran Tahir,6,1,1,2,2*,0,2,100,0,0,0,0
2018,125,Mark Wood,1,1,0,1,1,1,3,33.33,0,0,0,0
2018,126,Naman Ojha,1,1,0,1,1,1,4,25,0,0,0,0
2018,127,Murugan Ashwin,2,1,0,1,1,1,2,50,0,0,0,0
2018,128,Ish Sodhi,6,1,0,1,1,1,6,16.66,0,0,0,0
2018,129,Ben Laughlin,7,2,1,1,1*,1,4,25,0,0,0,0
2018,130,Liam Plunkett,7,2,1,1,1*,1,3,33.33,0,0,0,0
2018,131,Mustafizur Rahman,7,2,1,1,1,1,3,33.33,0,0,0,0
2018,132,Prasidh Krishna,7,2,2,1,1*,0,5,20,0,0,0,0
2018,133,Amit Mishra,10,1,1,1,1*,0,2,50,0,0,0,0
2018,134,Pradeep Sangwan,1,1,0,0,0*,0,4,0,0,0,0,0
2018,135,Ricky Bhui,1,1,0,0,0*,0,5,0,0,0,0,0
2018,136,Sandeep Sharma,12,3,1,0,0*,0,4,0,0,0,0,0
2018,137,Trent Boult,14,1,0,0,0*,0,2,0,0,0,0,0
2018,138,Yuzvendra Chahal,14,1,1,0,0*,0,4,0,0,0,0,0
2019,1,David Warner,12,12,2,692,100*,69.2,481,143.86,1,8,57,21
2019,2,KL Rahul,14,14,3,593,100*,53.9,438,135.38,1,6,49,25
2019,3,Quinton de Kock,16,16,1,529,81,35.26,398,132.91,0,4,45,25
2019,4,Shikhar Dhawan,16,16,1,521,97*,34.73,384,135.67,0,5,64,11
2019,5,Andre Russell,14,13,4,510,80*,56.66,249,204.81,0,4,31,52
2019,6,Chris Gayle,13,13,1,490,99*,40.83,319,153.6,0,4,45,34
2019,7,Rishabh Pant,16,16,3,488,78*,37.53,300,162.66,0,3,37,27
2019,8,Virat Kohli,14,14,0,464,100,33.14,328,141.46,1,2,46,13
2019,9,Shreyas Iyer,16,16,1,463,67,30.86,386,119.94,0,3,41,14
2019,10,Jonny Bairstow,10,10,2,445,114,55.62,283,157.24,1,2,48,18
2019,11,AB de Villiers,13,13,3,442,82*,44.2,287,154,0,5,31,26
2019,12,Suryakumar Yadav,16,15,2,424,71*,32.61,324,130.86,0,2,45,10
2019,13,MS Dhoni,15,12,7,416,84*,83.2,309,134.62,0,3,22,23
2019,14,Chris Lynn,13,13,0,405,82,31.15,290,139.65,0,4,41,22
2019,15,Rohit Sharma,15,15,1,405,67,28.92,315,128.57,0,2,52,10
2019,16,Hardik Pandya,16,15,6,402,91,44.66,210,191.42,0,1,28,29
2019,17,Shane Watson,17,17,0,398,96,23.41,312,127.56,0,3,42,20
2019,18,Faf du Plessis,12,12,1,396,96,36,321,123.36,0,3,36,15
2019,19,Ajinkya Rahane,14,13,1,393,105*,32.75,285,137.89,1,1,45,9
2019,20,Suresh Raina,17,17,1,383,59,23.93,314,121.97,0,3,45,9
2019,21,Parthiv Patel,14,14,0,373,67,26.64,268,139.17,0,2,48,10
2019,22,Prithvi Shaw,16,16,0,353,99,22.06,264,133.71,0,2,45,9
2019,23,Manish Pandey,12,11,3,344,83*,43,263,130.79,0,3,34,6
2019,24,Nitish Rana,14,11,1,344,85*,34.4,235,146.38,0,3,27,21
2019,25,Sanju Samson,12,12,2,342,102*,34.2,230,148.69,1,0,28,13
2019,26,Mayank Agarwal,13,13,0,332,58,25.53,234,141.88,0,2,26,14
2019,27,Steve Smith,12,10,2,319,73*,39.87,275,116,0,3,30,4
2019,28,Jos Buttler,8,8,0,311,89,38.87,205,151.7,0,3,38,14
2019,29,Shubman Gill,14,13,4,296,76,32.88,238,124.36,0,3,21,10
2019,30,Robin Uthappa,12,11,2,282,67*,31.33,245,115.1,0,1,28,10
2019,31,Ambati Rayudu,17,17,5,282,57,23.5,303,93.06,0,1,20,7
2019,32,Kieron Pollard,16,14,6,279,83,34.87,178,156.74,0,1,14,22
2019,33,Dinesh Karthik,14,13,5,253,97*,31.62,173,146.24,0,2,22,14
2019,34,Vijay Shankar,15,14,2,244,40*,20.33,193,126.42,0,0,11,12
2019,35,Moeen Ali,11,10,2,220,66,27.5,133,165.41,0,2,16,17
2019,36,David Miller,10,10,2,213,59*,26.62,164,129.87,0,1,19,7
2019,37,Marcus Stoinis,10,10,6,211,46*,52.75,156,135.25,0,0,14,10
2019,38,Colin Ingram,12,12,2,184,47,18.4,154,119.48,0,0,20,5
2019,39,Krunal Pandya,16,15,4,183,42,16.63,150,122,0,0,18,5
2019,40,Sarfaraz Khan,8,5,1,180,67,45,143,125.87,0,1,19,4
2019,41,Nicholas Pooran,7,6,0,168,48,28,107,157,0,0,10,14
2019,42,Mandeep Singh,13,12,8,165,33*,41.25,120,137.5,0,0,10,4
2019,43,Kedar Jadhav,14,12,3,162,58,18,169,95.85,0,1,19,3
2019,44,Riyan Parag,7,5,0,160,50,32,126,126.98,0,1,17,5
2019,45,Kane Williamson,9,9,2,156,70*,22.28,130,120,0,1,12,5
2019,46,Sunil Narine,12,9,1,143,47,17.87,86,166.27,0,0,17,9
2019,47,Rahul Tripathi,8,7,1,141,50,23.5,118,119.49,0,1,13,2
2019,48,Ben Stokes,9,9,3,123,46,20.5,99,124.24,0,0,8,4
2019,49,Mohammad Nabi,8,7,1,115,31,19.16,76,151.31,0,0,8,7
2019,50,Axar Patel,14,12,6,110,26,18.33,88,125,0,0,10,3
2019,51,Ravindra Jadeja,16,9,6,106,31*,35.33,88,120.45,0,0,7,4
2019,52,Ishan Kishan,7,6,0,101,28,16.83,100,101,0,0,8,4
2019,53,Gurkeerat Mann Singh,3,3,0,98,65,32.66,70,140,0,1,11,2
2019,54,Yuvraj Singh,4,4,0,98,53,24.5,75,130.66,0,1,7,6
2019,55,Sam Curran,9,8,4,95,55*,23.75,55,172.72,0,1,13,3
2019,56,Shimron Hetmyer,5,5,0,90,75,18,73,123.28,0,1,4,7
2019,57,Wriddhiman Saha,5,5,0,86,28,17.2,53,162.26,0,0,13,1
2019,58,Colin Munro,4,4,0,84,40,21,70,120,0,0,9,4
2019,59,Martin Guptill,3,3,0,81,36,27,53,152.83,0,0,4,7
2019,60,Dwayne Bravo,12,9,4,80,27,16,66,121.21,0,0,6,3
2019,61,Sherfane Rutherford,7,7,2,73,28*,14.6,54,135.18,0,0,2,7
2019,62,Liam Livingstone,4,4,1,71,44,23.66,48,147.91,0,0,6,5
2019,63,Stuart Binny,8,5,2,70,33*,23.33,40,175,0,0,5,4
2019,64,Jofra Archer,11,5,3,67,27*,33.5,40,167.5,0,0,4,4
2019,65,Murali Vijay,2,2,0,64,38,32,61,104.91,0,0,6,1
2019,66,Deepak Hooda,11,7,1,64,20,10.66,63,101.58,0,0,5,1
2019,67,Shreyas Gopal,14,7,3,63,19*,15.75,46,136.95,0,0,8,1
2019,68,Akshdeep Nath,8,5,0,61,24,12.2,57,107.01,0,0,5,2
2019,69,Evin Lewis,3,3,0,48,32,16,52,92.3,0,0,4,2
2019,70,Colin de Grandhomme,4,4,1,46,37,15.33,49,93.87,0,0,4,2
2019,71,Piyush Chawla,13,5,2,42,14*,14,37,113.51,0,0,4,2
2019,72,Ravichandran Ashwin,14,6,1,42,17*,8.4,28,150,0,0,3,3
2019,73,Shivam Dube,4,4,1,40,24,13.33,33,121.21,0,0,1,3
2019,74,Yusuf Pathan,10,8,5,40,16*,13.33,45,88.88,0,0,1,1
2019,75,Rinku Singh,5,3,1,37,30,18.5,34,108.82,0,0,1,2
2019,76,Rashid Khan,15,8,3,34,17*,6.8,23,147.82,0,0,2,2
2019,77,Mitchell Santner,4,2,1,32,22,32,23,139.13,0,0,0,3
2019,78,Chris Morris,9,6,0,32,17,5.33,37,86.48,0,0,1,2
2019,79,Rahul Tewatia,5,4,3,26,11*,26,22,118.18,0,0,2,1
2019,80,Umesh Yadav,11,7,5,25,14,12.5,25,100,0,0,3,1
2019,81,Amit Mishra,11,4,2,21,8,10.5,24,87.5,0,0,2,0
2019,82,Harpreet Brar,2,1,1,20,20*,0,12,166.66,0,0,2,1
2019,83,Prayas Ray Barman,1,1,0,19,19,19,24,79.16,0,0,2,0
2019,84,Ben Cutting,3,3,1,18,13*,9,17,105.88,0,0,1,1
2019,85,Krishnappa Gowtham,7,4,1,18,9,6,19,94.73,0,0,1,1
2019,86,Keemo Paul,8,6,1,18,7,3.6,24,75,0,0,1,1
2019,87,Prabhsimran Singh,1,1,0,16,16,16,17,94.11,0,0,1,1
2019,88,Siddhesh Lad,1,1,0,15,15,15,13,115.38,0,0,1,1
2019,89,Alzarri Joseph,3,2,2,15,15*,0,13,115.38,0,0,2,0
2019,90,Shardul Thakur,10,3,1,14,12*,7,7,200,0,0,1,1
2019,91,Kagiso Rabada,12,4,1,14,9,4.66,15,93.33,0,0,0,1
2019,92,Kuldeep Yadav,9,4,2,12,10*,6,8,150,0,0,1,0
2019,93,Rahul Chahar,13,4,2,12,10,6,11,109.09,0,0,2,0
2019,94,Bhuvneshwar Kumar,15,5,2,12,7*,4,19,63.15,0,0,1,0
2019,95,Carlos Brathwaite,2,2,0,11,6,5.5,10,110,0,0,1,0
2019,96,Mitchell McClenaghan,5,4,1,11,10,3.66,16,68.75,0,0,2,0
2019,97,Ishant Sharma,13,3,3,10,10*,0,3,333.33,0,0,1,1
2019,98,KC Cariappa,1,1,1,9,9*,0,3,300,0,0,0,1
2019,99,Abhishek Sharma,3,3,1,9,5*,4.5,9,100,0,0,1,0
2019,100,Heinrich Klaasen,3,2,0,9,6,4.5,10,90,0,0,0,0
2019,101,Shakib Al Hasan,3,1,0,9,9,9,10,90,0,0,0,0
2019,102,Tim Southee,3,1,1,9,9*,0,9,100,0,0,0,0
2019,103,Pawan Negi,7,4,0,9,5,2.25,12,75,0,0,1,0
2019,104,Mahipal Lomror,2,1,0,8,8,8,3,266.66,0,0,2,0
2019,105,Nikhil Naik,1,1,0,7,7,7,16,43.75,0,0,1,0
2019,106,Ricky Bhui,1,1,0,7,7,7,12,58.33,0,0,0,0
2019,107,Trent Boult,5,3,2,7,6,7,4,175,0,0,0,1
2019,108,Deepak Chahar,17,2,0,7,7,3.5,9,77.77,0,0,1,0
2019,109,Jagadeesha Suchith,1,1,0,6,6,6,15,40,0,0,0,0
2019,110,Ish Sodhi,2,1,0,6,6,6,11,54.54,0,0,0,0
2019,111,Mayank Markande,3,2,1,6,6,6,5,120,0,0,1,0
2019,112,Sandeep Sharma,11,2,2,6,5*,0,3,200,0,0,1,0
2019,113,Yuzvendra Chahal,14,3,1,6,4,3,16,37.5,0,0,0,0
2019,114,Dhruv Shorey,1,1,0,5,5,5,8,62.5,0,0,0,0
2019,115,Karun Nair,1,1,0,5,5,5,6,83.33,0,0,0,0
2019,116,Rasikh Salam,1,1,1,5,5*,0,4,125,0,0,0,0
2019,117,Dhawal Kulkarni,10,1,1,5,5*,0,3,166.66,0,0,1,0
2019,118,Avesh Khan,1,1,1,4,4*,0,3,133.33,0,0,1,0
2019,119,Hanuma Vihari,2,2,0,4,2,2,8,50,0,0,0,0
2019,120,Mohammed Siraj,9,4,3,4,3*,4,14,28.57,0,0,0,0
2019,121,Barinder Sran,2,1,1,3,3*,0,3,100,0,0,0,0
2019,122,Ashton Turner,4,4,1,3,3*,1,10,30,0,0,0,0
2019,123,Varun Aaron,5,1,1,3,3*,0,7,42.85,0,0,0,0
2019,124,Hardus Viljoen,6,3,1,3,2*,1.5,7,42.85,0,0,0,0
2019,125,Murugan Ashwin,10,3,2,3,1*,3,5,60,0,0,0,0
2019,126,Navdeep Saini,13,2,1,2,2,2,4,50,0,0,0,0
2019,127,Basil Thampi,3,1,1,1,1*,0,1,100,0,0,0,0
2019,128,Washington Sundar,3,2,0,1,1,0.5,3,33.33,0,0,0,0
2019,129,Harry Gurney,8,1,1,1,1*,0,5,20,0,0,0,0
2019,130,Harbhajan Singh,11,1,0,1,1,1,3,33.33,0,0,0,0
2019,131,Jaydev Unadkat,11,4,3,1,1,1,3,33.33,0,0,0,0
2019,132,Mohammad Shami,14,2,1,1,1*,1,2,50,0,0,0,0
2019,133,Joe Denly,1,1,0,0,0*,0,1,0,0,0,0,0
2019,134,Mohit Sharma,1,1,1,0,0*,0,2,0,0,0,0,0
2019,135,Sam Billings,1,1,0,0,0*,0,4,0,0,0,0,0
2019,136,Harshal Patel,2,2,1,0,0*,0,2,0,0,0,0,0
2019,137,Prithvi Raj Yarra,2,1,1,0,0*,0,1,0,0,0,0,0
2019,138,Mujeeb Ur Rahman,5,3,2,0,0*,0,4,0,0,0,0,0
2019,139,Andrew Tye,6,1,1,0,0*,0,2,0,0,0,0,0
2019,140,Sandeep Lamichhane,6,1,0,0,0*,0,1,0,0,0,0,0
2019,141,Siddarth Kaul,7,2,1,0,0*,0,1,0,0,0,0,0
2019,142,Khaleel Ahmed,9,1,0,0,0*,0,1,0,0,0,0,0
2019,143,Prasidh Krishna,11,1,0,0,0*,0,2,0,0,0,0,0
2019,144,Jasprit Bumrah,16,3,3,0,0*,0,1,0,0,0,0,0
2020,1,KL Rahul,14,14,2,670,132*,55.83,518,129.34,1,5,58,23
2020,2,Shikhar Dhawan,17,17,3,618,106*,44.14,427,144.73,2,4,67,12
2020,3,David Warner,16,16,2,548,85*,39.14,407,134.64,0,4,52,14
2020,4,Shreyas Iyer,17,17,2,519,88*,34.6,421,123.27,0,3,40,16
2020,5,Ishan Kishan,14,13,4,516,99,57.33,354,145.76,0,4,36,30
2020,6,Quinton de Kock,16,16,2,503,78*,35.92,358,140.5,0,4,46,22
2020,7,Suryakumar Yadav,16,15,3,480,79*,40,331,145.01,0,4,61,11
2020,8,Devdutt Padikkal,15,15,0,473,74,31.53,379,124.8,0,5,51,8
2020,9,Virat Kohli,15,15,4,466,90*,42.36,384,121.35,0,3,23,11
2020,10,AB de Villiers,15,14,4,454,73*,45.4,286,158.74,0,5,33,23
2020,11,Faf du Plessis,13,13,2,449,87*,40.81,319,140.75,0,4,42,14
2020,12,Shubman Gill,14,14,1,440,70*,33.84,373,117.96,0,3,44,9
2020,13,Manish Pandey,16,15,2,425,83*,32.69,333,127.62,0,3,35,18
2020,14,Mayank Agarwal,11,11,0,424,106,38.54,271,156.45,1,2,44,15
2020,15,Eoin Morgan,14,14,4,418,68*,41.8,302,138.41,0,1,32,24
2020,16,Sanju Samson,14,14,1,375,85,28.84,236,158.89,0,3,21,26
2020,17,Ambati Rayudu,12,11,2,359,71,39.88,282,127.3,0,1,30,12
2020,18,Nicholas Pooran,14,14,4,353,77,35.3,208,169.71,0,2,23,25
2020,19,Nitish Rana,14,14,0,352,87,25.14,254,138.58,0,3,43,12
2020,20,Marcus Stoinis,17,17,3,352,65,25.14,237,148.52,0,3,31,16
2020,21,Jonny Bairstow,11,11,0,345,97,31.36,272,126.83,0,3,31,13
2020,22,Rishabh Pant,14,14,3,343,56,31.18,301,113.95,0,1,31,9
2020,23,Rohit Sharma,12,12,0,332,80,27.66,260,127.69,0,3,27,19
2020,24,Jos Buttler,13,12,2,328,70*,32.8,227,144.49,0,2,27,16
2020,25,Kane Williamson,12,11,4,317,67,45.28,237,133.75,0,3,26,10
2020,26,Steve Smith,14,14,2,311,69,25.91,237,131.22,0,3,32,9
2020,27,Shane Watson,11,11,1,299,83*,29.9,247,121.05,0,2,33,13
2020,28,Chris Gayle,7,7,0,288,99,41.14,210,137.14,0,3,15,23
2020,29,Ben Stokes,8,8,1,285,107*,40.71,200,142.5,1,1,36,7
2020,30,Hardik Pandya,14,13,5,281,60*,35.12,157,178.98,0,1,14,25
2020,31,Aaron Finch,12,12,0,268,52,22.33,241,111.2,0,1,28,8
2020,32,Kieron Pollard,16,12,7,268,60*,53.6,140,191.42,0,1,15,22
2020,33,Rahul Tewatia,14,11,5,255,53,42.5,183,139.34,0,1,13,17
2020,34,Ravindra Jadeja,14,11,6,232,50,46.4,135,171.85,0,1,22,11
2020,35,Rahul Tripathi,11,11,1,230,81,23,181,127.07,0,1,21,10
2020,36,Prithvi Shaw,13,13,0,228,66,17.53,167,136.52,0,2,27,8
2020,37,Wriddhiman Saha,4,4,1,214,87,71.33,153,139.86,0,2,24,5
2020,38,Ruturaj Gaikwad,6,6,2,204,72,51,169,120.71,0,3,16,6
2020,39,MS Dhoni,14,12,4,200,47*,25,172,116.27,0,0,16,7
2020,40,Robin Uthappa,12,12,0,196,41,16.33,164,119.51,0,0,19,7
2020,41,Sam Curran,14,11,3,186,52,23.25,141,131.91,0,1,12,12
2020,42,Shimron Hetmyer,12,11,3,185,45,23.12,125,148,0,0,11,12
2020,43,Dinesh Karthik,14,14,2,169,58,14.08,134,126.11,0,1,20,4
2020,44,Pat Cummins,14,11,4,146,53*,20.85,114,128.07,0,1,9,8
2020,45,Priyam Garg,14,10,1,133,51*,14.77,111,119.81,0,1,9,4
2020,46,Mandeep Singh,7,7,1,130,66*,21.66,109,119.26,0,1,10,4
2020,47,Shivam Dube,11,9,2,129,27*,18.42,105,122.85,0,0,5,9
2020,48,Sunil Narine,10,9,0,121,64,13.44,85,142.35,0,1,10,8
2020,49,Andre Russell,10,9,0,117,25,13,81,144.44,0,0,9,9
2020,50,Axar Patel,15,9,1,117,42,14.62,85,137.64,0,0,6,8
2020,51,Ajinkya Rahane,9,8,0,113,60,14.12,107,105.6,0,1,12,2
2020,52,Jofra Archer,14,10,4,113,27*,18.83,63,179.36,0,0,5,10
2020,53,Abdul Samad,12,8,3,111,33,22.2,65,170.76,0,0,8,6
2020,54,Washington Sundar,15,9,3,111,30,18.5,95,116.84,0,0,10,2
2020,55,Krunal Pandya,16,12,6,109,34,18.16,92,118.47,0,0,9,5
2020,56,Glenn Maxwell,13,11,4,108,32,15.42,106,101.88,0,0,9,0
2020,57,Saurabh Tiwary,7,5,0,103,42,20.6,80,128.75,0,0,8,3
2020,58,Deepak Hooda,7,5,4,101,62*,101,71,142.25,0,1,5,5
2020,59,Vijay Shankar,7,5,1,97,52*,24.25,96,101.04,0,1,10,1
2020,60,Riyan Parag,12,8,1,86,42*,12.28,77,111.68,0,0,6,3
2020,61,Tom Curran,5,4,3,83,54*,83,62,133.87,0,1,5,3
2020,62,Josh Philippe,5,5,1,78,33,19.5,77,101.29,0,0,9,1
2020,63,Abhishek Sharma,8,7,2,71,31,14.2,56,126.78,0,0,6,3
2020,64,Gurkeerat Mann Singh,8,5,5,71,21*,0,80,88.75,0,0,8,0
2020,65,Jason Holder,7,4,2,66,26*,33,53,124.52,0,0,5,3
2020,66,Kedar Jadhav,8,5,2,62,26,20.66,66,93.93,0,0,7,0
2020,67,Mahipal Lomror,3,3,0,59,47,19.66,54,109.25,0,0,2,3
2020,68,Kagiso Rabada,17,8,4,56,15*,14,49,114.28,0,0,4,2
2020,69,Lockie Ferguson,5,2,2,43,24*,0,29,148.27,0,0,4,1
2020,70,Krishnappa Gowtham,2,2,1,42,22*,42,27,155.55,0,0,3,2
2020,71,Yashasvi Jaiswal,3,3,0,40,34,13.33,44,90.9,0,0,2,2
2020,72,Shreyas Gopal,14,5,1,37,23*,9.25,39,94.87,0,0,3,0
2020,73,Ravichandran Ashwin,15,6,3,37,14*,12.33,34,108.82,0,0,3,1
2020,74,Rashid Khan,16,7,3,35,14,8.75,30,116.66,0,0,3,2
2020,75,Chris Morris,9,5,1,34,25*,8.5,21,161.9,0,0,2,3
2020,76,Narayan Jagadeesan,5,2,0,33,33,16.5,29,113.79,0,0,4,0
2020,77,Sarfaraz Khan,5,3,1,33,14*,16.5,29,113.79,0,0,5,0
2020,78,Alex Carey,3,3,1,32,14*,16,29,110.34,0,0,0,1
2020,79,Murali Vijay,3,3,0,32,21,10.66,43,74.41,0,0,4,0
2020,80,Chris Jordan,9,5,2,29,13,9.66,31,93.54,0,0,2,0
2020,81,Navdeep Saini,13,3,2,27,12*,27,27,100,0,0,3,0
2020,82,Nathan Coulter-Nile,7,2,1,25,24*,25,15,166.66,0,0,4,0
2020,83,Kamlesh Nagarkoti,10,6,3,22,8*,7.33,31,70.96,0,0,1,0
2020,84,Harshal Patel,5,2,0,21,16,10.5,24,87.5,0,0,2,0
2020,85,Tushar Deshpande,5,2,1,21,20*,21,12,175,0,0,2,1
2020,86,Jimmy Neesham,5,3,1,19,10*,9.5,18,105.55,0,0,0,1
2020,87,Tom Banton,2,2,0,18,10,9,20,90,0,0,1,1
2020,88,Mohammed Siraj,9,3,2,17,10*,17,14,121.42,0,0,2,0
2020,89,Karun Nair,4,3,1,16,15*,8,14,114.28,0,0,2,0
2020,90,Prabhsimran Singh,2,2,0,15,11,7.5,15,100,0,0,2,0
2020,91,Isuru Udana,10,4,1,15,10*,5,11,136.36,0,0,1,1
2020,92,James Pattinson,10,2,1,15,11,15,13,115.38,0,0,2,0
2020,93,Imran Tahir,3,1,1,13,13*,0,10,130,0,0,2,0
2020,94,Kuldeep Yadav,5,2,1,13,12,13,21,61.9,0,0,1,0
2020,95,Moeen Ali,3,3,0,12,11,4,16,75,0,0,1,0
2020,96,Shardul Thakur,9,2,1,12,11,12,21,57.14,0,0,0,0
2020,97,Sandeep Sharma,13,5,3,12,9,6,15,80,0,0,1,0
2020,98,Mohammad Nabi,1,1,1,11,11*,0,8,137.5,0,0,2,0
2020,99,Rinku Singh,1,1,0,11,11,11,11,100,0,0,1,0
2020,100,Shivam Mavi,8,3,1,10,9,5,14,71.42,0,0,1,0
2020,101,Varun Chakaravarthy,13,3,1,10,7*,5,15,66.66,0,0,0,0
2020,102,Ankit Rajpoot,6,2,1,9,7*,9,10,90,0,0,0,1
2020,103,Jaydev Unadkat,7,1,0,9,9,9,13,69.23,0,0,0,0
2020,104,Pravin Dubey,3,1,1,7,7*,0,13,53.84,0,0,0,0
2020,105,Dwayne Bravo,6,2,0,7,7,3.5,6,116.66,0,0,0,0
2020,106,Shahbaz Nadeem,7,2,1,7,5,7,8,87.5,0,0,1,0
2020,107,Deepak Chahar,14,3,2,7,5*,7,12,58.33,0,0,0,0
2020,108,Ravi Bishnoi,14,3,2,7,6*,7,12,58.33,0,0,1,0
2020,109,Anrich Nortje,16,5,4,7,3*,7,6,116.66,0,0,0,0
2020,110,Andrew Tye,1,1,0,6,6,6,6,100,0,0,0,1
2020,111,Jasprit Bumrah,15,1,1,5,5*,0,3,166.66,0,0,0,0
2020,112,Murugan Ashwin,9,1,0,4,4,4,4,100,0,0,0,0
2020,113,Kartik Tyagi,10,3,2,4,2*,4,6,66.66,0,0,0,0
2020,114,Dhawal Kulkarni,1,1,1,3,3*,0,2,150,0,0,0,0
2020,115,T Natarajan,16,3,3,3,3*,0,5,60,0,0,0,0
2020,116,Prasidh Krishna,6,2,2,2,2*,0,4,50,0,0,0,0
2020,117,Mohammad Shami,14,3,2,2,2*,2,3,66.66,0,0,0,0
2020,118,Rahul Chahar,15,1,1,2,2*,0,4,50,0,0,0,0
2020,119,Nikhil Naik,1,1,0,1,1,1,3,33.33,0,0,0,0
2020,120,Mujeeb Ur Rahman,2,1,0,1,1,1,3,33.33,0,0,0,0
2020,121,Shahbaz Ahmed,2,1,1,1,1*,0,1,100,0,0,0,0
2020,122,Dale Steyn,3,1,1,1,1*,0,2,50,0,0,0,0
2020,123,Varun Aaron,3,2,1,1,1,1,10,10,0,0,0,0
2020,124,Yuzvendra Chahal,15,2,1,1,1,1,3,33.33,0,0,0,0
2020,125,Mitchell Marsh,1,1,0,0,0*,0,1,0,0,0,0,0
2020,126,Shreevats Goswami,2,2,0,0,0*,0,4,0,0,0,0,0
2020,127,Umesh Yadav,2,1,0,0,0*,0,2,0,0,0,0,0
2020,128,Daniel Sams,3,1,0,0,0*,0,2,0,0,0,0,0
2020,129,Bhuvneshwar Kumar,4,1,0,0,0*,0,2,0,0,0,0,0
2020,130,Sheldon Cottrell,6,1,0,0,0*,0,2,0,0,0,0,0
2020,131,Khaleel Ahmed,7,1,0,0,0*,0,2,0,0,0,0,0
2020,132,Arshdeep Singh,8,1,0,0,0*,0,3,0,0,0,0,0
2020,133,Trent Boult,15,1,0,0,0*,0,1,0,0,0,0,0
2021,1,Ruturaj Gaikwad,16,16,2,635,101*,45.35,466,136.26,1,4,64,23
2021,2,Faf du Plessis,16,16,2,633,95*,45.21,458,138.2,0,6,60,23
2021,3,KL Rahul,13,13,3,626,98*,62.6,451,138.8,0,6,48,30
2021,4,Shikhar Dhawan,16,16,1,587,92,39.13,471,124.62,0,3,63,16
2021,5,Glenn Maxwell,15,14,2,513,78,42.75,356,144.1,0,6,48,21
2021,6,Sanju Samson,14,14,2,484,119,40.33,354,136.72,1,2,45,17
2021,7,Prithvi Shaw,15,15,0,479,82,31.93,301,159.13,0,4,56,18
2021,8,Shubman Gill,17,17,0,478,57,28.11,402,118.9,0,3,50,12
2021,9,Mayank Agarwal,12,12,1,441,99*,40.09,314,140.44,0,4,42,18
2021,10,Rishabh Pant,16,16,4,419,58*,34.91,326,128.52,0,3,42,10
2021,11,Devdutt Padikkal,14,14,1,411,101*,31.61,328,125.3,1,1,44,14
2021,12,Virat Kohli,15,15,1,405,72*,28.92,339,119.46,0,3,43,9
2021,13,Rahul Tripathi,17,16,2,397,74*,28.35,283,140.28,0,2,41,11
2021,14,Nitish Rana,17,16,3,383,80,29.46,314,121.97,0,2,34,17
2021,15,Rohit Sharma,13,13,0,381,63,29.3,299,127.42,0,1,33,14
2021,16,Venkatesh Iyer,10,10,1,370,67,41.11,288,128.47,0,4,37,14
2021,17,Moeen Ali,15,15,1,357,58,25.5,260,137.3,0,1,31,19
2021,18,Suryakumar Yadav,14,14,0,317,82,22.64,221,143.43,0,2,40,10
2021,19,AB de Villiers,15,14,4,313,76*,31.3,211,148.34,0,2,23,16
2021,20,Quinton de Kock,11,11,1,297,70*,29.7,256,116.01,0,2,29,7
2021,21,Manish Pandey,8,8,2,292,69*,48.66,236,123.72,0,3,21,10
2021,22,Kane Williamson,10,10,4,266,66*,44.33,235,113.19,0,2,29,2
2021,23,Ambati Rayudu,16,13,4,257,72*,28.55,170,151.17,0,2,16,17
2021,24,Jos Buttler,7,7,0,254,124,36.28,166,153.01,1,0,27,13
2021,25,Yashasvi Jaiswal,10,10,0,249,50,24.9,168,148.21,0,1,32,10
2021,26,Jonny Bairstow,7,7,1,248,63*,41.33,175,141.71,0,2,20,15
2021,27,Kieron Pollard,14,13,5,245,87*,30.62,165,148.48,0,1,16,16
2021,28,Shimron Hetmyer,14,13,6,242,53*,34.57,144,168.05,0,1,19,12
2021,29,Ishan Kishan,10,10,1,241,84,26.77,180,133.88,0,2,21,10
2021,30,Shivam Dube,9,9,1,230,64*,28.75,193,119.17,0,1,18,10
2021,31,Ravindra Jadeja,16,12,9,227,62*,75.66,156,145.51,0,1,19,9
2021,32,Dinesh Karthik,17,15,5,223,40,22.3,170,131.17,0,0,22,7
2021,33,David Warner,8,8,0,195,57,24.37,181,107.73,0,2,15,6
2021,34,Chris Gayle,10,10,1,193,46,21.44,154,125.32,0,0,21,8
2021,35,K.S Bharat,8,7,2,191,78*,38.2,156,122.43,0,1,10,8
2021,36,Andre Russell,10,9,2,183,54,26.14,120,152.5,0,1,14,14
2021,37,Shreyas Iyer,8,8,3,175,47*,35,171,102.33,0,0,7,5
2021,38,Deepak Hooda,12,11,1,160,64,16,123,130.08,0,1,9,9
2021,39,Suresh Raina,12,11,2,160,54,17.77,128,125,0,1,13,9
2021,40,Rahul Tewatia,14,11,1,155,44,15.5,147,105.44,0,0,11,6
2021,41,Shahrukh Khan,11,10,3,153,47,21.85,114,134.21,0,0,9,10
2021,42,Steve Smith,8,7,1,152,39,25.33,135,112.59,0,0,13,2
2021,43,Evin Lewis,5,5,0,151,58,30.2,93,162.36,0,1,18,7
2021,44,Jason Roy,5,5,0,150,60,30,121,123.96,0,1,21,1
2021,45,Aiden Markram,6,6,1,146,42,29.2,119,122.68,0,0,12,4
2021,46,Krunal Pandya,13,12,2,143,39,14.3,123,116.26,0,0,10,6
2021,47,Eoin Morgan,17,16,4,133,47*,11.08,139,95.68,0,0,8,6
2021,48,Wriddhiman Saha,9,9,0,131,44,14.55,140,93.57,0,0,7,5
2021,49,Hardik Pandya,12,11,2,127,40*,14.11,112,113.39,0,0,11,5
2021,50,David Miller,9,8,3,124,62,24.8,113,109.73,0,1,11,3
2021,51,Robin Uthappa,4,4,0,115,63,28.75,84,136.9,0,1,8,5
2021,52,Saurabh Tiwary,5,4,2,115,50*,57.5,97,118.55,0,1,10,2
2021,53,MS Dhoni,16,11,4,114,18*,16.28,107,106.54,0,0,12,3
2021,54,Abdul Samad,11,10,1,111,28,12.33,87,127.58,0,0,4,8
2021,55,Abhishek Sharma,8,7,1,98,33,16.33,75,130.66,0,0,7,4
2021,56,Mahipal Lomror,4,4,1,94,43,31.33,73,128.76,0,0,3,6
2021,57,Pat Cummins,7,5,2,93,66*,31,56,166.07,0,1,5,8
2021,58,Riyan Parag,11,10,2,93,25,11.62,83,112.04,0,0,6,4
2021,59,Marcus Stoinis,10,7,3,89,27*,22.25,72,123.61,0,0,11,1
2021,60,Jason Holder,8,7,1,85,47*,14.16,72,118.05,0,0,2,6
2021,61,Nicholas Pooran,12,11,0,85,32,7.72,76,111.84,0,0,3,5
2021,62,Rashid Khan,14,10,2,83,22,10.37,69,120.28,0,0,9,2
2021,63,Priyam Garg,5,5,0,72,29,14.4,74,97.29,0,0,2,3
2021,64,Rajat Patidar,4,4,0,71,31,17.75,62,114.51,0,0,3,3
2021,65,Lalit Yadav,7,5,3,68,22*,34,73,93.15,0,0,7,0
2021,66,Chris Morris,11,7,2,67,36*,13.4,49,136.73,0,0,2,5
2021,67,Kyle Jamieson,9,7,3,65,16*,16.25,55,118.18,0,0,5,3
2021,68,Harpreet Brar,7,5,5,64,25*,0,58,110.34,0,0,3,2
2021,69,Sunil Narine,14,10,2,62,26,7.75,47,131.91,0,0,3,5
2021,70,Shahbaz Ahmed,11,7,0,59,14,8.42,53,111.32,0,0,4,2
2021,71,Harshal Patel,15,8,4,59,31,14.75,46,128.26,0,0,6,2
2021,72,Vijay Shankar,7,5,0,58,28,11.6,52,111.53,0,0,1,3
2021,73,Sam Curran,9,4,1,56,34,18.66,29,193.1,0,0,5,3
2021,74,Kedar Jadhav,6,5,1,55,19,13.75,52,105.76,0,0,2,2
2021,75,Chris Lynn,1,1,0,49,49,49,35,140,0,0,4,3
2021,76,Shakib Al Hasan,8,6,1,47,26,9.4,48,97.91,0,0,3,1
2021,77,Dwayne Bravo,11,3,2,47,23,47,18,261.11,0,0,3,4
2021,78,Ravichandran Ashwin,13,5,2,44,20*,14.66,42,104.76,0,0,2,1
2021,79,Manan Vohra,4,4,0,42,14,10.5,39,107.69,0,0,5,2
2021,80,Liam Livingstone,5,5,0,42,25,8.4,41,102.43,0,0,3,1
2021,81,Jaydev Unadkat,6,3,1,41,24,20.5,29,141.37,0,0,3,2
2021,82,Axar Patel,12,6,1,40,12,8,46,86.95,0,0,2,1
2021,83,Mohammad Nabi,3,3,0,34,17,11.33,20,170,0,0,3,2
2021,84,Jayant Yadav,5,3,1,34,23,17,26,130.76,0,0,2,1
2021,85,Bhuvneshwar Kumar,11,7,6,34,14*,34,30,113.33,0,0,3,0
2021,86,Chris Jordan,4,2,0,32,30,16,21,152.38,0,0,1,3
2021,87,Moises Henriques,5,4,2,31,14,15.5,32,96.87,0,0,0,1
2021,88,Washington Sundar,6,4,0,31,10,7.75,47,65.95,0,0,2,0
2021,89,Dawid Malan,1,1,0,26,26,26,26,100,0,0,1,1
2021,90,Glenn Phillips,3,3,1,26,14*,13,33,78.78,0,0,1,2
2021,91,Ripal Patel,2,2,1,25,18,25,27,92.59,0,0,3,0
2021,92,Shivam Mavi,9,2,0,25,20,12.5,20,125,0,0,2,2
2021,93,Tom Curran,3,2,1,21,21,21,17,123.52,0,0,2,0
2021,94,Mohammed Siraj,15,4,3,20,12*,20,26,76.92,0,0,1,1
2021,95,Prabhsimran Singh,2,2,0,19,12,9.5,23,82.6,0,0,1,1
2021,96,Nathan Ellis,3,2,1,18,12,18,16,112.5,0,0,0,1
2021,97,Lockie Ferguson,8,3,3,18,18*,0,11,163.63,0,0,1,1
2021,98,Anmolpreet Singh,1,1,0,16,16,16,14,114.28,0,0,2,1
2021,99,Adam Milne,4,3,1,16,15,8,17,94.11,0,0,0,1
2021,100,Chetan Sakariya,14,6,1,16,7,3.2,25,64,0,0,2,0
2021,101,Jasprit Bumrah,14,7,5,16,5*,8,17,94.11,0,0,2,0
2021,102,Mandeep Singh,1,1,0,15,15,15,14,107.14,0,0,2,0
2021,103,Chris Woakes,3,1,1,15,15*,0,11,136.36,0,0,2,0
2021,104,Jhye Richardson,3,2,0,15,15,7.5,24,62.5,0,0,2,0
2021,105,Murugan Ashwin,3,2,0,15,9,7.5,24,62.5,0,0,1,0
2021,106,Virat Singh,3,2,0,15,11,7.5,26,57.69,0,0,1,0
2021,107,Jagadeesha Suchith,2,1,1,14,14*,0,6,233.33,0,0,2,1
2021,108,Dan Christian,9,7,1,14,9,2.33,24,58.33,0,0,1,0
2021,109,Rahul Chahar,11,5,0,14,8,2.8,15,93.33,0,0,1,0
2021,110,Mohammad Shami,14,4,3,13,9*,13,17,76.47,0,0,0,0
2021,111,Kagiso Rabada,15,3,2,13,9*,13,6,216.66,0,0,2,0
2021,112,Yuzvendra Chahal,15,2,2,10,8*,0,27,37.03,0,0,0,0
2021,113,Ajinkya Rahane,2,1,0,8,8,8,8,100,0,0,1,0
2021,114,Sandeep Sharma,7,2,1,8,8*,8,7,114.28,0,0,1,0
2021,115,Siddarth Kaul,8,2,2,8,7*,0,8,100,0,0,1,0
2021,116,Mustafizur Rahman,14,5,5,8,8*,0,14,57.14,0,0,0,1
2021,117,Sachin Baby,1,1,0,7,7,7,17,41.17,0,0,0,0
2021,118,Shreyas Gopal,3,2,1,7,7*,7,5,140,0,0,0,1
2021,119,Daniel Sams,2,2,1,6,3*,6,6,100,0,0,0,0
2021,120,Fabian Allen,4,3,2,6,6,6,12,50,0,0,0,0
2021,121,Avesh Khan,16,1,1,5,5*,0,3,166.66,0,0,1,0
2021,122,Shardul Thakur,16,4,2,5,3*,2.5,5,100,0,0,0,0
2021,123,Harbhajan Singh,3,2,2,4,2*,0,4,100,0,0,0,0
2021,124,Nathan Coulter-Nile,5,2,0,4,3,2,5,80,0,0,0,0
2021,125,Tim Southee,3,1,0,3,3,3,5,60,0,0,0,0
2021,126,Tabraiz Shamsi,1,1,1,2,2*,0,4,50,0,0,0,0
2021,127,Tim Seifert,1,1,0,2,2,2,4,50,0,0,0,0
2021,128,Navdeep Saini,2,1,0,2,2,2,4,50,0,0,0,0
2021,129,Kartik Tyagi,4,2,1,2,1*,2,4,50,0,0,0,0
2021,130,George Garton,5,3,2,2,2*,2,4,50,0,0,0,0
2021,131,Arshdeep Singh,12,2,2,2,1*,0,3,66.66,0,0,0,0
2021,132,Varun Chakaravarthy,17,3,2,2,2*,2,4,50,0,0,0,0
2021,133,Mujeeb Ur Rahman,1,1,1,1,1*,0,1,100,0,0,0,0
2021,134,Tim David,1,1,0,1,1,1,3,33.33,0,0,0,0
2021,135,Wanindu Hasaranga,2,2,1,1,1*,1,2,50,0,0,0,0
2021,136,Khaleel Ahmed,7,1,0,1,1,1,2,50,0,0,0,0
2021,137,Ravi Bishnoi,9,1,0,1,1,1,4,25,0,0,0,0
2021,138,Trent Boult,14,4,4,1,1*,0,4,25,0,0,0,0
2021,139,Deepak Chahar,15,2,2,1,1*,0,1,100,0,0,0,0
2021,140,Ben Stokes,1,1,0,0,0*,0,3,0,0,0,0,0
2021,141,Kamlesh Nagarkoti,1,1,0,0,0*,0,2,0,0,0,0,0
2021,142,Kuldip Yadav,1,1,1,0,0*,0,4,0,0,0,0,0
2021,143,Piyush Chawla,1,1,0,0,0*,0,2,0,0,0,0,0
2021,144,Shahbaz Nadeem,1,1,0,0,0*,0,1,0,0,0,0,0
2021,145,Anuj Rawat,2,1,0,0,0*,0,1,0,0,0,0,0
2021,146,Marco Jansen,2,2,0,0,0*,0,3,0,0,0,0,0
2021,147,Sarfaraz Khan,2,2,0,0,0*,0,4,0,0,0,0,0
2021,148,Jimmy Neesham,3,2,0,0,0*,0,2,0,0,0,0,0
2021,149,Prasidh Krishna,10,2,1,0,0*,0,1,0,0,0,0,0
2022,1,Jos Buttler,17,17,2,863,116,57.53,579,149.05,4,4,83,45
2022,2,K L Rahul,15,15,3,616,103*,51.33,455,135.38,2,4,45,30
2022,3,Quinton De Kock,15,15,1,508,140*,36.29,341,148.97,1,3,47,23
2022,4,Hardik Pandya,15,15,4,487,87*,44.27,371,131.26,0,4,49,12
2022,5,Shubman Gill,16,16,2,483,96,34.5,365,132.32,0,4,51,11
2022,6,David Miller,16,16,9,481,94*,68.71,337,142.72,0,2,32,23
2022,7,Faf Du Plessis,16,16,1,468,96,31.2,367,127.52,0,3,49,13
2022,8,Shikhar Dhawan,14,14,2,460,88*,38.33,375,122.66,0,3,47,12
2022,9,Sanju Samson,17,17,1,458,55,28.63,312,146.79,0,2,43,26
2022,10,Deepak Hooda,15,14,0,451,59,32.21,330,136.66,0,4,36,18
2022,11,Liam Livingstone,14,14,2,437,70,36.42,240,182.08,0,4,29,34
2022,12,David Warner,12,12,3,432,92*,48,287,150.52,0,5,52,15
2022,13,Abhishek Sharma,14,14,0,426,75,30.43,320,133.12,0,2,47,13
2022,14,Ishan Kishan,14,14,1,418,81*,32.15,348,120.11,0,3,45,11
2022,15,Rahul Tripathi,14,14,3,413,76,37.55,261,158.23,0,3,40,20
2022,16,Shreyas Iyer,14,14,1,401,85,30.85,298,134.56,0,3,41,11
2022,17,Tilak Varma,14,14,3,397,61,36.09,303,131.02,0,2,29,16
2022,18,Aiden Markram,14,12,4,381,68*,47.63,274,139.05,0,3,25,19
2022,19,Devdutt Padikkal,17,17,0,376,54,22.12,306,122.87,0,1,40,14
2022,20,Ruturaj Gaikwad,14,14,0,368,99,26.29,291,126.46,0,3,33,14
2022,21,Nitish Rana,14,14,1,361,57,27.77,251,143.82,0,2,29,22
2022,22,Virat Kohli,16,16,1,341,73,22.73,294,115.98,0,2,32,8
2022,23,Rishabh Pant,14,13,2,340,44,30.91,224,151.78,0,0,35,16
2022,24,Andre Russell,14,12,3,335,70*,37.22,192,174.47,0,1,18,32
2022,25,Rajat Patidar,8,7,1,333,112*,55.5,218,152.75,1,2,27,18
2022,26,Dinesh Karthik,16,16,10,330,66*,55,180,183.33,0,1,27,22
2022,27,Wriddhiman Saha,11,11,1,317,68,31.7,259,122.39,0,3,40,7
2022,28,Shimron Hetmyer,15,15,8,314,59*,44.86,204,153.92,0,1,21,21
2022,29,Nicholas Pooran,14,13,5,306,64*,38.25,212,144.33,0,2,16,21
2022,30,Suryakumar Yadav,8,8,1,303,68*,43.29,208,145.67,0,3,23,16
2022,31,Glenn Maxwell,13,13,2,301,55,27.36,178,169.1,0,1,31,15
2022,32,Shivam Dube,11,11,1,289,95*,28.9,185,156.21,0,2,22,16
2022,33,Prithvi Shaw,10,10,0,283,61,28.3,185,152.97,0,2,37,10
2022,34,Ambati Rayudu,13,11,0,274,78,24.91,224,122.32,0,1,25,15
2022,35,Rohit Sharma,14,14,0,268,48,19.14,223,120.17,0,0,28,13
2022,36,Yashasvi Jaiswal,10,10,0,258,68,25.8,194,132.98,0,2,28,10
2022,37,Jonny Bairstow,11,11,0,253,66,23,175,144.57,0,2,34,9
2022,38,Devon Conway,7,7,1,252,87,42,173,145.66,0,3,22,12
2022,39,Mitchell Marsh,8,8,0,251,89,31.38,189,132.8,0,2,19,14
2022,40,Rovman Powell,14,12,2,250,67*,25,167,149.7,0,1,10,22
2022,41,Moeen Ali,10,10,0,244,93,24.4,177,137.85,0,1,24,11
2022,42,Jitesh Sharma,12,10,2,234,44,29.25,143,163.63,0,0,22,12
2022,43,MS Dhoni,14,13,6,232,50*,33.14,188,123.4,0,1,21,10
2022,44,Robin Uthappa,12,11,0,230,88,20.91,171,134.5,0,2,19,14
2022,45,Shahbaz Ahmed,16,11,3,219,45,27.38,181,120.99,0,0,14,9
2022,46,Rahul Tewatia,16,12,5,217,43*,31,147,147.61,0,0,22,9
2022,47,Kane Williamson,13,13,2,216,57,19.64,231,93.5,0,1,16,8
2022,48,Bhanuka Rajapaksa,9,9,0,206,43,22.89,129,159.68,0,0,16,13
2022,49,Mayank Agarwal,13,12,0,196,52,16.33,160,122.5,0,1,23,6
2022,50,Ravichandran Ashwin,17,12,5,191,50,27.29,135,141.48,0,1,14,9
2022,51,Tim David,8,8,3,186,46,37.2,86,216.27,0,0,12,16
2022,52,Riyan Parag,17,14,3,183,56*,16.64,132,138.63,0,1,11,10
2022,53,Krunal Pandya,14,13,4,183,42,20.33,145,126.2,0,0,16,4
2022,54,Axar Patel,13,10,6,182,42*,45.5,120,151.66,0,0,12,10
2022,55,Venkatesh Iyer,12,12,1,182,50*,16.55,169,107.69,0,1,17,7
2022,56,Rinku Singh,7,7,2,174,42*,34.8,117,148.71,0,0,17,7
2022,57,Sam Billings,8,8,1,169,36,24.14,138,122.46,0,0,9,10
2022,58,Dewald Brevis,7,7,0,161,49,23,113,142.47,0,0,14,11
2022,59,Ayush Badoni,13,11,3,161,54,20.13,130,123.84,0,1,11,7
2022,60,Lalit Yadav,12,8,1,161,48*,23,146,110.27,0,0,11,7
2022,61,Matthew Wade,10,10,0,157,35,15.7,138,113.76,0,0,23,2
2022,62,Marcus Stoinis,11,10,2,156,38*,19.5,106,147.16,0,0,7,13
2022,63,Sai Sudharsan,5,5,1,145,65*,36.25,114,127.19,0,1,14,3
2022,64,Kieron Pollard,11,11,1,144,25,14.4,134,107.46,0,0,6,9
2022,65,Ajinkya Rahane,7,7,0,133,44,19,128,103.9,0,0,14,4
2022,66,Anuj Rawat,8,8,0,129,66,16.13,118,109.32,0,1,10,7
2022,67,Shardul Thakur,14,10,2,120,29*,15,87,137.93,0,0,7,7
2022,68,Shahrukh Khan,8,8,1,117,26,16.71,108,108.33,0,0,4,9
2022,69,Ravindra Jadeja,10,10,4,116,26*,19.33,98,118.36,0,0,6,5
2022,70,Abhinav Manohar,8,7,1,108,43,18,75,144,0,0,14,3
2022,71,Washington Sundar,9,7,0,101,40,14.43,69,146.37,0,0,9,3
2022,72,Rashid Khan,16,8,4,91,40,22.75,44,206.81,0,0,3,9
2022,73,Sarfaraz Khan,6,5,2,91,36*,30.33,67,135.82,0,0,9,2
2022,74,Manish Pandey,6,6,0,88,38,14.67,80,110,0,0,9,2
2022,75,Mahipal Lomror,7,5,0,86,42,17.2,57,150.87,0,0,7,4
2022,76,Aaron Finch,5,5,0,86,58,17.2,61,140.98,0,1,10,3
2022,77,Rahul Chahar,13,8,2,77,25*,12.83,68,113.23,0,0,7,4
2022,78,Evin Lewis,6,5,2,73,55*,24.33,56,130.35,0,1,8,3
2022,79,Sunil Narine,14,10,2,71,22,8.88,40,177.5,0,0,6,6
2022,80,Shashank Singh,10,5,1,69,25*,17.25,47,146.8,0,0,5,4
2022,81,Suyash S Prabhudessai,5,5,0,67,34,13.4,59,113.55,0,0,7,2
2022,82,Pat Cummins,5,5,1,63,56*,15.75,24,262.5,0,1,5,6
2022,83,Jaydev Unadkat,5,5,2,59,19*,19.67,37,159.45,0,0,4,3
2022,84,Romario Shepherd,3,3,1,58,26*,29,41,141.46,0,0,2,5
2022,85,Jason Holder,12,8,2,58,16,9.67,44,131.81,0,0,2,6
2022,86,Umesh Yadav,12,7,3,55,21,13.75,40,137.5,0,0,4,4
2022,87,Odean Smith,6,6,3,51,25*,17,44,115.9,0,0,1,5
2022,88,Kagiso Rabada,13,8,3,48,25,9.6,43,111.62,0,0,5,2
2022,89,Kuldeep Yadav,14,7,6,48,16*,48,52,92.3,0,0,3,2
2022,90,Priyam Garg,2,2,0,46,42,23,33,139.39,0,0,4,2
2022,91,Ramandeep Singh,5,4,2,45,14*,22.5,40,112.5,0,0,3,1
2022,92,Dwaine Pretorius,6,5,1,44,22,11,28,157.14,0,0,3,3
2022,93,Dushmantha Chameera,12,8,4,43,17,10.75,28,153.57,0,0,3,3
2022,94,Harshal Patel,15,8,3,43,11,8.6,39,110.25,0,0,4,2
2022,95,Hrithik Shokeen,5,3,1,43,25,21.5,48,89.58,0,0,5,0
2022,96,Trent Boult,16,8,6,40,17*,20,29,137.93,0,0,2,1
2022,97,Jagadeesan Narayan,2,2,1,40,39*,40,37,108.1,0,0,3,1
2022,98,Daniel Sams,11,10,3,38,15,5.43,36,105.55,0,0,1,3
2022,99,Wanindu Hasaranga,16,7,0,38,18,5.43,43,88.37,0,0,4,1
2022,100,Rishi Dhawan,6,4,2,37,21*,18.5,40,92.5,0,0,4,2
2022,101,Daryl Mitchell,2,2,0,33,17,16.5,44,75,0,0,1,0
2022,102,Sherfane Rutherford,3,2,0,33,28,16.5,50,66,0,0,1,1
2022,103,James Neesham,2,2,0,31,17,15.5,27,114.81,0,0,3,0
2022,104,Mohammed Siraj,15,5,3,30,14*,15,33,90.9,0,0,5,0
2022,105,Tim Seifert,2,2,0,24,21,12,19,126.31,0,0,4,0
2022,106,Bhuvneshwar Kumar,14,6,3,24,8,8,26,92.3,0,0,3,0
2022,107,Mohsin Khan,9,3,2,23,13*,23,16,143.75,0,0,2,1
2022,108,Dwayne Bravo,10,6,4,23,12,11.5,24,95.83,0,0,1,1
2022,109,Sheldon Jackson,5,5,1,23,8,5.75,26,88.46,0,0,0,1
2022,110,Avesh Khan,13,4,3,22,12,22,13,169.23,0,0,0,3
2022,111,Rassie van der Dussen,3,3,1,22,12*,11,24,91.66,0,0,2,0
2022,112,Harpreet Brar,5,3,0,22,14,7.33,25,88,0,0,1,2
2022,113,Mitchell Santner,6,4,2,22,11,11,27,81.48,0,0,3,0
2022,114,Arshdeep Singh,14,6,3,21,10*,7,29,72.41,0,0,3,0
2022,115,B Indrajith,3,3,0,21,15,7,30,70,0,0,2,0
2022,116,Manan Vohra,2,1,0,19,19,19,11,172.72,0,0,1,2
2022,117,Vijay Shankar,4,4,0,19,13,4.75,35,54.28,0,0,1,0
2022,118,Mandeep Singh,3,3,0,18,18,6,23,78.26,0,0,4,0
2022,119,Josh Hazlewood,12,5,5,18,7*,-,26,69.23,0,0,1,0
2022,120,David Willey,4,2,0,18,18,9,30,60,0,0,3,0
2022,121,Karun Nair,3,2,0,16,13,8,18,88.88,0,0,1,0
2022,122,Simran Singh,1,1,0,14,14,14,11,127.27,0,0,2,0
2022,123,Anmolpreet Singh,2,2,0,13,8,6.5,13,100,0,0,1,0
2022,124,Murugan Ashwin,8,5,2,12,6,4,14,85.71,0,0,1,1
2022,125,Varun Chakaravarthy,11,4,4,12,10*,-,18,66.66,0,0,2,0
2022,126,Chris Jordan,4,2,1,11,6*,11,8,137.5,0,0,0,0
2022,127,Rajangad Bawa,2,2,0,11,11,5.5,14,78.57,0,0,1,0
2022,128,Shreyas Gopal,1,1,1,9,9*,-,7,128.57,0,0,2,0
2022,129,Marco Jansen,8,3,2,9,8*,9,7,128.57,0,0,0,1
2022,130,Obed McCoy,7,1,0,8,8,8,5,160,0,0,0,1
2022,131,Srikar Bharat,2,2,0,8,8,4,7,114.28,0,0,2,0
2022,132,Fabian Allen,1,1,0,8,8,8,7,114.28,0,0,1,0
2022,133,Sean Abbott,1,1,0,7,7,7,5,140,0,0,0,1
2022,134,Rasikh Salam,2,1,0,7,7,7,6,116.66,0,0,1,0
2022,135,Kartik Tyagi,2,2,0,7,7,3.5,6,116.66,0,0,1,0
2022,136,Maheesh Theekshana,9,2,1,7,7*,7,7,100,0,0,0,1
2022,137,Simarjeet Singh,6,3,2,7,3*,7,8,87.5,0,0,0,0
2022,138,Ripal Patel,2,1,0,6,6,6,3,200,0,0,0,1
2022,139,Mukesh Choudhary,13,2,1,6,4,6,6,100,0,0,1,0
2022,140,Prasidh Krishna,17,3,2,6,4*,6,12,50,0,0,0,0
2022,141,Aman Khan,1,1,0,5,5,5,3,166.66,0,0,1,0
2022,142,Lockie Ferguson,13,3,1,5,5,2.5,4,125,0,0,1,0
2022,143,Alzarri Joseph,9,3,2,5,4*,5,7,71.42,0,0,0,0
2022,144,Yuzvendra Chahal,17,2,1,5,5,5,8,62.5,0,0,0,0
2022,145,Vaibhav Arora,5,4,2,5,2*,2.5,13,38.46,0,0,0,0
2022,146,Prerak Mankad,1,1,1,4,4*,-,1,400,0,0,1,0
2022,147,Karan Sharma,1,1,0,4,4,4,4,100,0,0,1,0
2022,148,Abdul Samad,2,2,0,4,4,2,7,57.14,0,0,0,0
2022,149,Abhijeet Tomar,1,1,0,4,4,4,8,50,0,0,1,0
2022,150,Umran Malik,14,4,3,4,3*,4,8,50,0,0,0,0
2022,151,Mustafizur Rahman,8,1,1,3,3*,-,5,60,0,0,0,0
2022,152,Kumar Kartikeya Singh,4,1,0,3,3,3,5,60,0,0,0,0
2022,153,Shivam Mavi,6,3,1,3,2,1.5,7,42.85,0,0,0,0
2022,154,Harshit Rana,2,2,1,2,2,2,2,100,0,0,0,0
2022,155,Navdeep Saini,2,1,0,2,2,2,2,100,0,0,0,0
2022,156,Tristan Stubbs,2,2,0,2,2,1,4,50,0,0,0,0
2022,157,Pradeep Sangwan,3,1,0,2,2,2,5,40,0,0,0,0
2022,158,Fazalhaq Farooqi,3,1,1,2,2*,-,8,25,0,0,0,0
2022,159,Jagadeesha Suchith,5,2,0,2,2,1,8,25,0,0,0,0
2022,160,Tim Southee,9,5,1,2,1*,0.5,12,16.66,0,0,0,0
2022,161,Nathan Coulter-Nile,1,1,1,1,1*,-,2,50,0,0,0,0
2022,162,Anrich Nortje,6,1,1,1,1*,-,6,16.66,0,0,0,0
